{"recall":0.9,"_step":402,"test_accuracy":0.9,"_wandb":{"runtime":5},"f1_score":0.89769820971867,"_timestamp":1.7405886688987646e+09,"loss_curves":{"height":500,"_type":"image-file","sha256":"2ac436c0d73f86949ece9bd4ce6848a8de2bf1e8691d91279a175c7c03c9067d","size":33657,"path":"media/images/loss_curves_402_2ac436c0d73f86949ece.png","format":"png","width":800},"precision":0.9230769230769231,"confusion_matrix":{"_type":"image-file","sha256":"f85b6517b2a39fcd78f5ab6e469f2365f426202e6d0722982510339b0bb17c26","size":21254,"path":"media/images/confusion_matrix_401_f85b6517b2a39fcd78f5.png","format":"png","width":600,"height":500},"Epoch":400,"_runtime":5.3559812,"test_loss":0.6684426665306091,"Train Loss":0.6776360869407654,"Validation Loss":0.7368024587631226}