{"Epoch":400,"recall":0.9666666666666667,"f1_score":0.9665831244778613,"test_loss":0.6360226273536682,"_runtime":6.6332655,"Validation Loss":0.7217058539390564,"test_accuracy":0.9666666666666667,"_wandb":{"runtime":6},"Train Loss":0.6545892357826233,"confusion_matrix":{"height":500,"_type":"image-file","sha256":"e845618ba65b6e4923bdd3a864519d523c3ccc221d0a77e5301a2337a61cbba4","size":21260,"path":"media/images/confusion_matrix_401_e845618ba65b6e4923bd.png","format":"png","width":600},"_timestamp":1.7404153785867176e+09,"loss_curves":{"_type":"image-file","sha256":"90c769aa429bff5a5a8d906f3145226f852dc8fe9fe0b1fb43f484e9d0b3c6d3","size":33415,"path":"media/images/loss_curves_402_90c769aa429bff5a5a8d.png","format":"png","width":800,"height":500},"_step":402,"precision":0.9696969696969696}