{"epoch/val_loss":0.3029812276363373,"test_loss":0.49227485060691833,"test_accuracy":0.6666666865348816,"loss_curves":{"sha256":"8eb0e304141e7628bbb6b7aa1a85cd2b7fd3583a4b7ebb254fc913389c4796fb","size":38605,"path":"media/images/loss_curves_52_8eb0e304141e7628bbb6.png","format":"png","width":1000,"height":600,"_type":"image-file"},"_step":52,"recall":0.6666666666666666,"_wandb":{"runtime":38},"epoch/accuracy":0.723809540271759,"f1_score":0.5972222222222222,"epoch/learning_rate":0.0010000000474974513,"_runtime":38.1817644,"epoch/epoch":49,"precision":0.8627450980392157,"epoch/loss":0.5083816051483154,"_timestamp":1.7404093733246436e+09,"confusion_matrix":{"width":800,"height":600,"_type":"image-file","sha256":"fad5e3837de3fb4aa72df0845933eaf1c461bca324e82b44c0f037e013efd334","size":15251,"path":"media/images/confusion_matrix_51_fad5e3837de3fb4aa72d.png","format":"png"},"epoch/val_accuracy":0.8666666746139526}